slope_Outdoor view,r_value_Outdoor view,p_value_Outdoor view,std_err_Outdoor view,timestamp_Outdoor view,slope_Indoor w/ window view,r_value_Indoor w/ window view,p_value_Indoor w/ window view,std_err_Indoor w/ window view,timestamp_Indoor w/ window view,slope_Indoor w/o window view,r_value_Indoor w/o window view,p_value_Indoor w/o window view,std_err_Indoor w/o window view,timestamp_Indoor w/o window view
-1.4829373937447903,-0.9875564811862494,3.1811212002286174e-40,0.034085651404410035,20230208T0800,-1.1232249060556023,-0.9878585232848215,1.7697663739074658e-40,0.025496457688585494,20230310T0800,-1.5397776411042723,-0.9872265406624148,5.939593155235812e-40,0.035867286528263397,20230404T1030
-1.4306843888552527,-0.9806846856098373,1.1282215710136041e-35,0.041186263034588444,20230208T0900,-1.1497770793139064,-0.9856533706790317,9.478915678267424e-39,0.028418128523164162,20230310T0830,-1.5517572554278054,-0.9865818255406188,1.9225798722076235e-39,0.03706551180144558,20230404T1100
-1.4468209106794911,-0.9819081757677753,2.3781851351410583e-36,0.04027228082194027,20230208T0930,-1.1766806176256657,-0.987464288803612,3.793796950776515e-40,0.027148181159402162,20230310T0900,-1.5423140196703367,-0.9851238645068052,2.248891721791495e-38,0.03883293497452422,20230404T1130
-1.5114216124542905,-0.9839339597552059,1.4069273510565508e-37,0.039583764139917224,20230208T1000,-1.1533115985978224,-0.9849645794149519,2.8987479299102634e-38,0.02919709206133579,20230310T0930,-1.5313874908517635,-0.9840981038741438,1.1016053253915028e-37,0.039896252945182016,20230404T1200
-1.5521611633962187,-0.9840288445980244,1.2217705291744608e-37,0.040527566187016195,20230208T1030,-1.1006090707680687,-0.9858125776913537,7.264637083579751e-39,0.027048238730001225,20230310T1000,-1.5464933203607674,-0.9855941707178686,1.045668898787362e-38,0.038303960434833625,20230404T1230
-1.5755644725143023,-0.9818523951028855,2.5589564012240147e-36,0.0439252930296363,20230208T1100,-1.148657264517715,-0.9855397628837081,1.1439925297644096e-38,0.02850510829960199,20230310T1030,-1.4490156803673333,-0.9740941521841794,1.203277791975393e-32,0.048555045598999924,20230404T1430
-1.526206643640242,-0.9787844943010153,1.0501129878705236e-34,0.04611387135760325,20230208T1130,-1.168290100666444,-0.9854324334810889,1.364530960236265e-38,0.029102097205729215,20230310T1100,-1.4523454325630432,-0.9750471470023521,4.946831292278175e-33,0.04772792201045036,20230404T1500
-1.4988371324803715,-0.9739969880539046,1.314966437591348e-32,0.05032239262548459,20230208T1200,-1.1126055441131153,-0.9846389423202192,4.830265676052617e-38,0.02847704406685283,20230310T1130,-1.452262748119829,-0.9767755879473706,9.005258804026977e-34,0.0459812560445512,20230404T1530
-1.45131056005531,-0.9710324778224332,1.6975498547966496e-31,0.05154761130252296,20230208T1230,-1.1576227101860803,-0.9836040720390027,2.283124741015284e-37,0.03063526192315203,20230310T1200,-1.4395464750690359,-0.9892838305466585,8.978825822730691e-42,0.03066566051403956,20230612T1000
-1.391313143210919,-0.9662603056858076,6.2534567399773034e-30,0.05353048865093083,20230208T1300,-1.116281680268091,-0.9848460409317035,3.4953510260592566e-38,0.028373394923911867,20230310T1230,-1.402830475651167,-0.9863357716704328,2.9654967289063624e-39,0.03382039507226643,20230612T1030
-1.3412892665117615,-0.962629086802603,6.979757791223817e-29,0.05446641879268439,20230208T1330,-1.0771882841622267,-0.9854425554333852,1.3421081025508122e-38,0.02682322083877436,20230310T1300,-1.4089369259258633,-0.9871117065650751,7.353398061306805e-40,0.03296958487734825,20230612T1100
-1.2885938247290358,-0.9584360785200425,8.545747322022586e-28,0.05536626562487907,20230208T1400,-1.136997140319631,-0.9867548124959865,1.4108186239492615e-39,0.026979300955026115,20230310T1330,-1.4252774100893006,-0.98794067798874,1.5050301268748608e-40,0.032241190652382144,20230612T1130
-1.2095072754095149,-0.9467134004684946,2.910180481177837e-25,0.05939219204276812,20230208T1430,-1.1492696600853154,-0.9899651231518991,1.8699984023213897e-42,0.02367882700018663,20230310T1400,-1.4127602736966238,-0.9873594969107223,4.6274085687557464e-40,0.03273353770104369,20230612T1200
-1.1877539387191074,-0.9391086441014754,6.5610470446985245e-24,0.06272907970771392,20230208T1500,-1.113991115444611,-0.9866733049606313,1.6331359691340118e-39,0.026516255078368526,20230310T1430,-1.342501925031381,-0.9885475025061811,4.3886012602734167e-41,0.029581135640149525,20230612T1230
-1.1785404469908884,-0.9536407579014151,1.1126452858414828e-26,0.05368211106439423,20230208T1530,-1.1125959110264096,-0.9827205205891999,7.967677451364218e-37,0.030247040912128098,20230310T1500,-1.3384630359924925,-0.9907059819214039,2.9922957141456334e-43,0.026524444368478606,20230612T1300
-1.2155736769970709,-0.9638597938670435,3.1681747066330346e-29,0.048495043780892116,20230208T1600,-1.0983167242352725,-0.9853982268451842,1.4429934769149347e-38,0.027391878397480786,20230310T1530,-1.334790901646565,-0.9904811181226477,5.2978523684642866e-43,0.026774318050522952,20230612T1330
-1.293638940776218,-0.9701063897658467,3.5754399103344734e-31,0.04670970451122782,20230208T1630,-1.110327293701887,-0.9884410222405693,5.473614446924511e-41,0.024580782664470002,20230310T1600,-1.3334598466757708,-0.9874573259777508,3.844397424754653e-40,0.030774071724971527,20230612T1400
-1.4610315229510802,-0.9592496786678713,5.36630261375681e-28,0.06211803601029638,20230208T1700,-1.175796044352178,-0.9922508987710746,3.877830625201254e-45,0.021251400596708218,20230310T1630,-1.3348626967970882,-0.989684340788972,3.6151570175032265e-42,0.02789072884389699,20230612T1430
-1.3925299155070983,-0.939131677210729,6.5034431653506445e-24,0.0735286755887455,20230208T1730,-1.1118869921434404,-0.9853795709410251,1.487588480672919e-38,0.027748423232952412,20230310T1700,-1.332745268386177,-0.990912331681866,1.7497379897044209e-43,0.02611220819150856,20230612T1500
-1.532171563804611,-0.9727041667157216,4.153206672721039e-32,0.0527576159763472,20230210T0745,-1.1710296186064666,-0.9871026518167039,7.477641148186819e-40,0.027412289270110014,20230310T1730,-1.3337024151047396,-0.988723081152495,3.0348581713663e-41,0.02915721444185029,20230612T1530
-1.5060650076271205,-0.974482061598079,8.413849990570697e-33,0.0500724266527889,20230210T0800,-1.127039598924671,-0.9888306370446772,2.4141683445026617e-41,0.02451939474977123,20230310T1800,-1.3426674265430025,-0.9875594284300361,3.163191142124419e-40,0.030857790282774595,20230612T1600
-1.4240534780445968,-0.9725482824755945,4.7531607071528646e-32,0.04918051710543734,20230210T0830,-1.4238366058460574,-0.9909001059219759,1.806870477269461e-43,0.027915959788916183,20230310T1830,-1.3415491674146505,-0.9873837656836959,4.4200194878433614e-40,0.031053155290926813,20230612T1630
-1.278261847017316,-0.9621882329567055,9.202960205427547e-29,0.052230356080589235,20230210T0900,-1.2806283300279067,-0.9716167750973268,1.0477822821510253e-31,0.045003843269945734,20230322T0800,-1.3470919071322767,-0.9863708091260561,2.7893667999924097e-39,0.032434080947936365,20230612T1700
-1.148969310137608,-0.9515917597588684,3.069755310045424e-26,0.05356625354884811,20230210T0930,-1.2991357363647864,-0.9790190386926361,8.063053448171753e-35,0.03902837334612361,20230322T0830,-1.541027782921495,-0.9819050974676266,2.3878338074863258e-36,0.04289828070437125,20230613T0830
-1.0778201684456523,-0.9459378876545134,4.080441269681119e-25,0.05334258512836428,20230210T1000,-1.305398732741265,-0.9809156968952368,8.474235284248851e-36,0.03734754276741046,20230322T0900,-1.5430051315684157,-0.982192228859143,1.63181880405736e-36,0.042601797671620846,20230613T0900
-1.0524510497844248,-0.9431840489357202,1.303199113245784e-24,0.05351517481128026,20230210T1030,-1.2994702347222544,-0.9831881134321339,4.1462036179323175e-37,0.034833673673962576,20230322T0930,-1.5465412530226783,-0.9819148385867501,2.3574287905689674e-36,0.04303985073576941,20230613T0930
-1.0399815167865578,-0.9429462927177636,1.4367001814516256e-24,0.05300177053074668,20230210T1100,-1.2792220408580577,-0.9803633409315284,1.670395486385218e-35,0.03714022162723212,20230322T1000,-1.543052187878432,-0.9820373124281845,2.0054183452237837e-36,0.042793083186974015,20230613T1000
-1.043394179366332,-0.9469890770492588,2.577576661269788e-25,0.05109133626967544,20230210T1130,-1.2390118699249948,-0.9817406499008046,2.9614647497950122e-36,0.03465166772923464,20230322T1030,-1.546183015352978,-0.9818536002709903,2.5549152769182137e-36,0.0431046937911697,20230613T1030
-1.051121858669274,-0.9536147380493593,1.1273991750101275e-26,0.04789266042691752,20230210T1200,-1.2592719740536535,-0.9803491879226909,1.699262553491664e-35,0.036574572986893275,20230322T1100,-1.546800542472676,-0.9816617032224791,3.2816568212539555e-36,0.04335569027773618,20230613T1100
-1.038654056687736,-0.9539766421820328,9.380147895385105e-27,0.04712608868931812,20230210T1230,-1.244201595492727,-0.9845236184736952,5.772626955706826e-38,0.03196736543687194,20230322T1130,-1.5454900093983848,-0.9817045075624715,3.104150032792058e-36,0.043266951669171654,20230613T1130
-1.036533684535428,-0.9567302161559041,2.2011239398011912e-27,0.04550206951247588,20230210T1300,-1.3335490222397124,-0.9796258457833312,4.013636171119636e-35,0.03946021835159568,20230322T1200,-1.5445679659150244,-0.9820430059283278,1.9903445507741195e-36,0.04282814399039522,20230613T1200
-1.0393865015498092,-0.9574274111461683,1.5022527427099699e-27,0.045233319451949375,20230210T1330,-1.2667947806884214,-0.986888303402144,1.107984999125976e-39,0.029904312132264417,20230322T1230,-1.5450800501213016,-0.9818643851842402,2.5190227402855094e-36,0.04306078742878385,20230613T1300
-1.0447153538181229,-0.9535158991296184,1.1851669563019904e-26,0.04765517978702865,20230210T1400,-1.3486373849100368,-0.9829715898147006,5.6232569977465126e-37,0.036389736207670685,20230322T1300,-1.5498582504551939,-0.9808689447794628,8.982086481083389e-36,0.04439741767361587,20230613T1330
-1.0447153538181229,-0.9535158991296184,1.1851669563019904e-26,0.04765517978702865,20230210T1400,-1.3234033345859573,-0.9841244280819746,1.0589718011956089e-37,0.03444853329027884,20230322T1330,-1.5541523839358857,-0.9809915419016211,7.708349902763521e-36,0.04437337610657953,20230613T1400
-1.1213819297686038,-0.9552860809478293,4.761775391984589e-27,0.05009864818040371,20230210T1500,-1.3031436485991605,-0.984466488198357,6.30235666413337e-38,0.0335449729810139,20230322T1400,-1.5480151103199162,-0.9811553809031625,6.273722082244737e-36,0.04400172858393967,20230613T1430
-1.1388113109751725,-0.9462455093488453,3.570602632847719e-25,0.05618669788360367,20230210T1530,-1.324688615145286,-0.9843780388649399,7.215350761615071e-38,0.034198830248177416,20230322T1430,-1.5491004792572451,-0.9810876349919514,6.832836995506705e-36,0.044113948483309795,20230613T1500
-1.151636221551372,-0.9300546450340864,1.6484932279591216e-22,0.06566749852764002,20230210T1600,-1.2926336667761842,-0.9852919291730168,1.7153549487244765e-38,0.032357872820744496,20230322T1500,-1.5470012601251402,-0.981223147886678,5.758417900040799e-36,0.043891492943394075,20230613T1530
-1.2647458857944893,-0.9360972160660235,2.0195054628680798e-23,0.06859384891929544,20230210T1630,-1.317242189895026,-0.9835190159912628,2.5825573783985217e-37,0.034951997892085966,20230322T1530,-1.5523346839039702,-0.9805918399497252,1.264524418132156e-35,0.04479877541793147,20230613T1600
-1.4986274815899072,-0.9653873829884237,1.1431589987207004e-29,0.05844034289138279,20230210T1700,-1.301560979544714,-0.9846402721843668,4.820310758837293e-38,0.03331186643876789,20230322T1600,-1.548583818797613,-0.9812543604928801,5.534948020308343e-36,0.0438988099163283,20230613T1630
-1.4678156386754015,-0.9609787922421701,1.9328291172026966e-28,0.06098512109722236,20230210T1730,-1.2898246463831353,-0.982942174247567,5.859161532557697e-37,0.03483364688206706,20230322T1630,-1.3277875801581838,-0.9891255114761528,1.2744390216846593e-41,0.028496537471962756,20230616T1030
-0.37118278228482954,-0.7479921810230709,4.2997779925346466e-10,0.04753865571562365,20230210T1800,-1.306338477913366,-0.9837971496446611,1.7218387510081508e-37,0.03436163987459084,20230322T1700,-1.328473550352796,-0.9890964705119849,1.358242860207675e-41,0.02854993447955679,20230616T1100
-1.3273276142961283,-0.9775541406164661,4.0074226854833115e-34,0.04129039157690068,20230224T0800,-1.3282091534022118,-0.9823674645417702,1.2895668885231312e-36,0.03648558746112265,20230322T1730,-1.3292240754077416,-0.9889925810888432,1.7034061039859386e-41,0.02870409609905812,20230616T1130
-1.3179359311803784,-0.9789888914466077,8.342948919236324e-35,0.039622518540173485,20230224T0815,-1.3581497879231663,-0.9822396992942309,1.53136741613497e-36,0.03744663612347338,20230322T1800,-1.3297277506047478,-0.9891651295725341,1.1680653985289155e-41,0.028485286723184036,20230616T1200
-1.3305616715007138,-0.9774807978628705,4.330241109222628e-34,0.04146090644549223,20230224T0830,-1.4061410184814183,-0.983065544711364,4.929161719774014e-37,0.03783379740783458,20230322T1830,-1.3277824651641223,-0.9890866515062565,1.387753153362401e-41,0.02854814098457128,20230616T1230
-1.2963314831529837,-0.9738679639038459,1.478695492529218e-32,0.04363560926320056,20230224T0845,-1.3467391198329182,-0.9564104554798069,2.6171130056939355e-27,0.05935259267215179,20230322T1900,-1.3649694321790837,-0.9863701975687175,2.7923532676434963e-39,0.03286527274069397,20230616T1400
-1.2962733173340155,-0.9777308408694964,3.3215680699355058e-34,0.04015985635139724,20230224T0900,-1.2582481660962725,-0.9782300038278283,1.9385182928463553e-34,0.03852762843045785,20230614T0800,-1.3688242842810945,-0.9863040694623164,3.133999352871836e-39,0.033039608781602496,20230616T1430
-1.303560236649424,-0.9728684106844008,3.5997648782003996e-32,0.044744850420419056,20230224T0915,-1.039168409404522,-0.9908742973106476,1.933402325040418e-43,0.020403366537314917,20230614T0830,-1.3708521499677755,-0.9863287183212913,3.00221865708006e-39,0.033058146274927806,20230616T1500
-1.466219217573936,-0.9805770091749465,1.2877075105398199e-35,0.042330217650812504,20230224T0930,-1.1975199242278138,-0.96447125528343,2.118029333010926e-29,0.04734625268221834,20230614T1030,-1.3713699223389908,-0.9863071830258912,3.1170525867454674e-39,0.03309721213192977,20230616T1530
-1.3001670711657087,-0.9768130239383972,8.666882081648044e-34,0.04113125454648933,20230224T0945,-1.1898354373756845,-0.963175116533928,4.932739218917675e-29,0.04794145799612596,20230614T1100,-1.3861178510071972,-0.9893919304159922,7.047958081954853e-42,0.02937578831194485,20230621T0830
-1.3228830488822312,-0.9798649660075226,3.03139137836186e-35,0.0389070740547547,20230224T1000,-1.201183540801874,-0.9648784709900636,1.6134743654033037e-29,0.04720311856551987,20230614T1130,-1.3839949682552048,-0.9902036626831285,1.0525206453417517e-42,0.02816890661426457,20230621T0900
-1.3385684518749963,-0.9756642617173039,2.7308867293692912e-33,0.04342085832966633,20230224T1015,-1.1993222649940771,-0.9640639445297223,2.771783143539965e-29,0.047703742365275185,20230614T1200,-1.3887848819684485,-0.9893755950932339,7.311772962440492e-42,0.029455328320228066,20230621T0930
-1.3629056083142663,-0.9810134104839879,7.500132138566003e-36,0.03888995172668789,20230224T1030,-1.2001063818082618,-0.9643974150339067,2.22439570225675e-29,0.04750053833893946,20230614T1230,-1.3855405390186935,-0.9898723217393837,2.329928425780264e-42,0.028680518021692886,20230621T1000
-1.3066249366137876,-0.9770501117373772,6.790268992077787e-34,0.04111616604964993,20230224T1045,-1.416391657123815,-0.9864270093107586,2.5275994384387577e-39,0.03403077719135291,20230614T1330,-1.387108456633028,-0.9890106662914854,1.6378199543229466e-41,0.029929058987593748,20230621T1030
-1.3444102311450927,-0.9823746746356935,1.277073151746415e-36,0.03692287194294975,20230224T1100,-1.2497051457899397,-0.976549721017069,1.1331314287519431e-33,0.03976678285484169,20230614T1400,-1.3859991684119954,-0.9888289672708371,2.422800154840332e-41,0.030155501206865484,20230621T1100
-1.424293817155084,-0.9815953302266472,3.57625917397817e-36,0.03999613140068695,20230224T1115,-1.2554734816165096,-0.9764652508404446,1.234094093013002e-33,0.04002483137568697,20230614T1430,-1.3850327591431937,-0.9889006648589299,2.0775453578401307e-41,0.03003597865049001,20230621T1130
-1.3514622257514457,-0.9793188194864924,5.727294048334854e-35,0.040299970846678135,20230224T1130,-1.2389987608368251,-0.9767307815687181,9.426894991622825e-34,0.03926811366501113,20230614T1500,-1.3801354545814795,-0.9895567058400425,4.849364681867414e-42,0.029017321681534293,20230621T1200
-1.3046987956719247,-0.9704557508992879,2.7070608262177377e-31,0.04682024978835478,20230224T1145,-1.2407159234828762,-0.9758494860061179,2.278065942625266e-33,0.04008750415360173,20230614T1530,-1.383196646600483,-0.98923991266895,9.900047891120888e-42,0.029526580820613123,20230621T1230
-1.3087588264443268,-0.9769887405808165,7.2347758411069455e-34,0.041240292651347224,20230224T1215,-1.0841385463688071,-0.9707755223644595,2.092298020894605e-31,0.038684528544945314,20230614T1730,-1.3838086107150893,-0.9895538872786372,4.880721066934306e-42,0.02909853791738864,20230621T1300
-1.2815148606400302,-0.9751279602409728,4.5804460304310744e-33,0.04204310078156462,20230224T1230,-1.2533899271215676,-0.9909280323306285,1.6789015982952652e-43,0.024535900106140353,20230614T1800,-1.3861214727551188,-0.9901729608834168,1.1342208977500824e-42,0.028257020266527516,20230621T1330
-1.2823540550130539,-0.9859118612579243,6.144634470719101e-39,0.03140190779723928,20230224T1245,-1.251635577475154,-0.9909627884704341,1.5317344490033045e-43,0.024453933644678332,20230614T1830,-1.3872999625990965,-0.9903727107075594,6.944033358818303e-43,0.027987899530926782,20230621T1400
-1.276115517197283,-0.9832059890058751,4.042486459574862e-37,0.03418896745515773,20230224T1300,-1.341486449232915,-0.9887441629420952,2.902259401051311e-41,0.029299492402037452,20230616T0800,-1.3890076070556907,-0.9902525445683501,9.33956642440624e-43,0.028199263225243965,20230621T1430
-1.3133318898881925,-0.9735854831876036,1.90797996214853e-32,0.044455867343195225,20230224T1330,-1.163234402441797,-0.9837506499996715,1.8434763716151204e-37,0.030642424485492474,20230616T0830,-1.3959190591859139,-0.991101619194288,1.058007745179075e-43,0.02705974122410039,20230621T1500
-1.4258493811766086,-0.9869130820155426,1.0591004620890448e-39,0.033626545344855756,20230224T1400,-1.3849959290985763,-0.9705068056006461,2.5984762958936103e-31,0.04965685032198006,20230616T1730,-1.4030725598480018,-0.9908382383657973,2.124480549873367e-43,0.02760350526442784,20230621T1530
-1.390511480577675,-0.9893472463365702,7.792209134207042e-42,0.029531904249601927,20230224T1430,-1.3398843510643597,-0.9626278058901374,6.985401192497697e-29,0.05441035576848201,20230616T1800,-1.4092442233779299,-0.9907325345780995,2.7945471558281945e-43,0.027886638306356043,20230621T1600
-1.3483512162283344,-0.971290094295595,1.3739294805441582e-31,0.04766774482025316,20230224T1500,-1.3785108016516978,-0.983796227933677,1.7241733655032398e-37,0.03626110167112472,20230619T0800,-1.417245565042975,-0.9915276975359771,3.2742446023777425e-44,0.026798688392982023,20230621T1630
-1.3783261105855276,-0.9819108673565503,2.369779181913198e-36,0.038362793955451883,20230224T1530,-1.1113011550018392,-0.9702399119016938,3.216021201835617e-31,0.04003212772770087,20230619T0830,-1.422934354046499,-0.9909257036641083,1.6892314750170805e-43,0.02785846338318921,20230621T1700
-1.3062101677275904,-0.9786322896541232,1.244541544692263e-34,0.03961269958020756,20230224T1600,-1.4461674076021687,-0.9794647379876438,4.840096215964029e-35,0.04296681426462035,20230619T1030,-1.415343304715598,-0.9679499372755603,1.8571724024160312e-30,0.05300413422738764,20230626T0830
-0.9861167982855086,-0.9828196242673769,6.947984023976004e-37,0.026729562580741457,20230302T0730,-1.532639661747352,-0.9830034047000377,5.3783569093923035e-37,0.04131493902323309,20230619T1100,-1.3582863921987447,-0.9460752376297311,3.844749340475613e-25,0.06713036196577951,20230626T0900
-0.9877413136487913,-0.9829676197787264,5.65455609746316e-37,0.026655011339694105,20230302T0800,-1.4964228998098674,-0.9788833780103123,9.397670366076367e-35,0.04510504246432854,20230619T1130,-1.3626004103480576,-0.9444175639846761,7.803650839082381e-25,0.06846165559878478,20230626T0930
-0.984452224669429,-0.9820209696416493,2.0492963096356538e-36,0.027314327970061933,20230302T0830,-1.5288723430960571,-0.9804963547014977,1.4210830146334706e-35,0.04423332039535694,20230619T1200,-1.3621797157073152,-0.9463306575760302,3.4406201061149963e-25,0.06714942979918989,20230626T1000
-0.9884542936129287,-0.9830854057913956,4.793331677550244e-37,0.026579464411713112,20230302T0900,-1.536608057282664,-0.9825236031230257,1.0434936650538005e-36,0.042017927542995714,20230619T1230,-1.3626182376870106,-0.9445523785883839,7.373089211855068e-25,0.06837208373916606,20230626T1030
-0.9909307591560911,-0.9826543432994002,8.726781667941677e-37,0.026992355735468536,20230302T0930,-1.3754498815388325,-0.9889775830690585,1.7596977296042832e-41,0.029722892130661507,20230619T1330,-1.3613509562963155,-0.9445274095626621,7.451080472178435e-25,0.06832524139498299,20230626T1100
-0.9839502149999353,-0.9816969302869277,3.134887755971305e-36,0.027552160427661003,20230302T1000,-1.5406325481198024,-0.9901541402661905,1.1872714549748963e-42,0.03143734214417713,20230619T1400,-1.3586835855729391,-0.9440590632155549,9.068705012114204e-25,0.06850434829004741,20230626T1130
-0.9917075478611436,-0.9825764803711803,9.708702058451527e-37,0.02707569136695019,20230302T1030,-1.5572501938080026,-0.9886036473499923,3.9027697368970545e-41,0.034227298478808184,20230619T1430,-1.3634782875817295,-0.9455515892677293,4.819700665235177e-25,0.0677417416872141,20230626T1200
-0.9955796997743165,-0.9834779126932831,2.7404001487304776e-37,0.026450686234427645,20230302T1100,-1.4637227122235532,-0.9871093998955747,7.38485957546681e-40,0.034254715294411375,20230619T1500,-1.3619235530703164,-0.9444624558280853,7.657676589399409e-25,0.06839754758597005,20230626T1230
-0.9800548088891795,-0.9824522016349817,1.1498530980620471e-36,0.02685536103612213,20230302T1130,-1.4493378281727523,-0.9847850516547647,3.846460218022991e-38,0.036914716932290176,20230619T1530,-1.365434690527988,-0.9461899189451504,3.6579829334273925e-25,0.06740566995518246,20230626T1300
-1.0018033191530797,-0.983916112879817,1.4446327139958288e-37,0.026251911734725634,20230302T1200,-1.32675760759573,-0.9635244416005502,3.9395403020105526e-29,0.05318967815353697,20230619T1730,-1.3676347965046995,-0.945816652530233,4.299903030113845e-25,0.06776827658237417,20230626T1330
-0.9865618150757475,-0.9831064257615272,4.653483001789565e-37,0.026511660632251896,20230302T1230,-1.4903445524882026,-0.9551308686230818,5.165676491962419e-27,0.06670600505173688,20230619T1800,-1.4246420207684385,-0.9748601092703147,5.9054918448679504e-33,0.04699944107132891,20230626T1400
-1.0029097356388885,-0.9853968365376298,1.4462722103339265e-38,0.025013657609512515,20230302T1300,-1.130801537847873,-0.9682056027388949,1.5368005642080343e-30,0.04217049611705691,20230802T1330,-1.367258212995803,-0.9489307153482872,1.0760099558514786e-25,0.06561052384308934,20230626T1430
-0.9863521467576598,-0.9827203002065176,7.970097137742799e-37,0.026815152497033586,20230302T1330,-1.3391230139921477,-0.9849204823598406,3.108296107566872e-38,0.033951890962833534,20230802T1430,-1.450836772675274,-0.9895738308684772,4.662957550605328e-42,0.030478398762830806,20230626T1500
-0.9853848218938195,-0.9812406151011293,5.6323166610315854e-36,0.02794394012069905,20230302T1400,-1.198367080086971,-0.9885011565572989,4.832787082419149e-41,0.026459526871018928,20230803T1000,-0.8531281815506286,-0.9390067402332529,6.821803419254547e-24,0.04509781925677076,20230626T1530
-0.9940039014714126,-0.9831325296102272,4.48524487099153e-37,0.026690471850751185,20230302T1430,-1.1882223718268035,-0.9898049341659731,2.7298656823855495e-42,0.02467901153035555,20230803T1030,-0.8593546064659049,-0.9392408428165658,6.2369409637543036e-24,0.04533113219568376,20230626T1600
-1.008915551228241,-0.9819129829581571,2.3631920412368278e-36,0.02807934419052818,20230302T1500,-1.1970514782196828,-0.9906380400677717,3.5611946039719933e-43,0.02380985477174336,20230803T1100,-0.8594268476496333,-0.9392676835553616,6.173032571899011e-24,0.04532394677080618,20230626T1630
-1.0167802023370618,-0.9827522725157105,7.626313791872076e-37,0.027616114523819166,20230302T1530,-1.1346615993277884,-0.9906814374066415,3.1869573497676145e-43,0.022515783270270047,20230803T1130,-0.921166636639493,-0.9333251995944527,5.421850631177496e-23,0.05114673407732634,20230626T1700
-1.0302472142533121,-0.9834890534559972,2.696728440632312e-37,0.027362274120114202,20230302T1600,-1.1384325506651984,-0.9905554715501349,4.392604661002863e-43,0.022744959447654638,20230803T1200,-1.2120628854562352,-0.9866470633381645,1.7115896321825753e-39,0.028879619101026526,20231120T1000
-1.0118523661666685,-0.9824850471439837,1.0996974628667741e-36,0.02770001664553364,20230302T1630,-1.1363242322128189,-0.9894805099579002,5.76885937006587e-42,0.023979581154663473,20230803T1230,-1.2117110333134573,-0.9863009420123137,3.151110520491015e-39,0.029250740979328223,20231120T1030
-1.0083260042680333,-0.9833522452172954,3.282350645093573e-37,0.026893603420073874,20230302T1700,-1.1916578183440047,-0.9911908637559919,8.314854410710891e-44,0.02298247342625038,20230803T1300,-1.2102538552921664,-0.9859803114711458,5.470918914899225e-39,0.029562711501171866,20231120T1100
-1.0029297863421296,-0.9824054573286349,1.2250244001371141e-36,0.027519743294230577,20230302T1730,-1.1981032394251219,-0.9894500779378201,6.180916461183839e-42,0.02532041883055616,20230803T1330,-1.2093414850595356,-0.985175293736325,2.0707141775562046e-38,0.03039536057203594,20231120T1130
-0.9962311298136578,-0.9818787980519452,2.4718094456443346e-36,0.027753237567242125,20230302T1800,-1.2331195570136118,-0.9927346823688167,8.298412130071812e-46,0.02157264590050665,20230803T1400,-1.2101016073772757,-0.9853236399426456,1.6293356804905622e-38,0.030258483101175234,20231120T1200
-1.1565633206524002,-0.9865911446060873,1.890984221530446e-39,0.027616057891246604,20230404T0830,-1.1752823192638175,-0.9894444332023261,6.26038507344326e-42,0.024844877546098997,20230803T1430,-1.2096053628088383,-0.9855727849145467,1.083310090949171e-38,0.029982548255255766,20231120T1230
-0.9981684712795623,-0.9849517422171459,2.958311202490191e-38,0.025280541023306572,20230404T0900,-1.1777875458137912,-0.9889782551980079,1.7571373563096817e-41,0.025450703374969828,20230803T1500,-1.2099011751490185,-0.9856908467818309,8.905881261967866e-39,0.029864231270353297,20231120T1300
-1.280932901648776,-0.9804420507663798,1.5182290377697527e-35,0.037113042537171105,20230404T0930,-1.2375226481232815,-0.991665454171932,2.2126151392620238e-44,0.023206867223230718,20230803T1530,-1.210486115372252,-0.9857483420538047,8.090760653128578e-39,0.02981727410959538,20231120T1330
-1.2146417940664056,-0.9915017211155803,3.5228547341691103e-44,0.023003290390544977,20230404T1000,-1.1605766075863677,-0.98817121933597,9.494383770726113e-41,0.025996679141718958,20230803T1600,-1.210498839981072,-0.9858321011258802,7.029994698461992e-39,0.02972793828602652,20231120T1400
-1.172723717783724,-0.9933596213646122,9.649809073664195e-47,0.01960459331366588,20230404T1300,-1.1625757151499774,-0.9896869660442128,3.59324545434113e-42,0.024287811225227537,20230803T1700,-1.2106799217871564,-0.9857100563056229,8.625169177450787e-39,0.02986295022885222,20231120T1430
-1.0782302109202417,-0.9798898241517522,2.943651157926353e-35,0.031691447478603155,20230404T1330,-1.513343860763904,-0.9948815461499387,1.899058898444054e-49,0.02218572255837539,20231022T0900,-1.210657341033706,-0.9859789081382797,5.483991517270001e-39,0.029574079067757057,20231120T1500
-1.4584405042379776,-0.9731622164220343,2.7810865953490147e-32,0.04977801544898351,20230404T1400,-1.5254667125750072,-0.9952493369953644,3.1847567153932014e-50,0.021539018998265144,20231022T0930,-1.211398428379216,-0.9862148153892448,3.659091154577781e-39,0.02933690311248831,20231120T1530
-1.3065137920734466,-0.9848312557935905,3.577534557459609e-38,0.033225242974199605,20230404T1600,-1.5472522453413886,-0.9956471844393907,3.920782981012347e-51,0.02090557164852102,20231022T1000,-1.2107931076644345,-0.9862449574691807,3.4729865397821664e-39,0.029289495979226025,20231120T1600
-1.1229479634765054,-0.9917110164502557,1.9408380965363552e-44,0.020999921784145528,20230404T1630,-1.5577257092267915,-0.9955976115001746,5.142437662896746e-51,0.021167384239206798,20231022T1030,-1.2111363233307153,-0.986484268516542,2.2851810365418908e-39,0.02903652159875383,20231120T1630
-1.0671185967339714,-0.9928592452806789,5.487094768327259e-46,0.018506093676874006,20230404T1700,-1.5836621858678142,-0.9947910976594808,2.8885632882381185e-49,0.023422424964928162,20231022T1100,-1.2119553659959614,-0.9868426677728076,1.2037284648295958e-39,0.028660499031054804,20231120T1700
-1.3653255324369962,-0.9902751623775965,8.83531544913297e-43,0.02768582361412051,20230404T1730,-1.5918546273699723,-0.9950540095580331,8.358239313243092e-50,0.022937183897522934,20231022T1130,-1.37248197205558,-0.9882900168541843,7.461574435280109e-41,0.030585784372872703,20231122T0930
-1.5850231774908192,-0.9754516551558853,3.356890720636459e-33,0.05164800599591478,20230414T0800,-1.5797351247710112,-0.9949305058778007,1.5086680725437603e-49,0.023047143530777952,20231022T1200,-1.3969694106981982,-0.988141062108444,1.0089298422717648e-40,0.031332411807867916,20231122T1000
-1.5306114097821013,-0.967115852181149,3.4086084757962756e-30,0.058099726868965175,20230414T0830,-1.5919359074486625,-0.9948025923049411,2.7397492221382453e-49,0.023518596776124216,20231022T1230,-1.3855867423187735,-0.9880886075868703,1.1210107739778215e-40,0.031147008621866146,20231122T1030
-1.4022638827744216,-0.9614076571590241,1.4896963994063353e-28,0.05792100092302174,20230414T0900,-1.567253203939253,-0.9946615412349069,5.201534128569212e-49,0.02346852390998575,20231022T1300,-1.373988037115159,-0.9883129954785873,7.119801059201539e-41,0.03058875551448569,20231122T1100
-1.3155063598632846,-0.9457200175511496,4.482870653281786e-25,0.06524838617418327,20230414T0930,-1.5584781630912312,-0.9944979723178611,1.0712980535343939e-48,0.023694873032840093,20231022T1330,-1.384150699087486,-0.9882253300978332,8.510164013084685e-41,0.030932423519080935,20231122T1130
-1.2747831390312947,-0.9301311558241104,1.6071580166975497e-22,0.0726451609159018,20230414T1000,-1.5471425871470752,-0.9945421297371967,8.833504958424234e-49,0.023427165640904114,20231022T1400,-1.3582636235390797,-0.9883779540589782,6.232840567293334e-41,0.030153044233657226,20231122T1200
-1.2230330625767298,-0.916938968538049,8.774481815020274e-21,0.07682099924005105,20230414T1030,-1.5443431799170373,-0.9957388967764609,2.354270475048749e-51,0.020643846053978055,20231022T1430,-1.360778646574202,-0.9883313807458058,6.857197480412523e-41,0.030270416735401998,20231122T1230
-1.2526650837485422,-0.9315843592806757,9.866887990336904e-23,0.07055482264286594,20230414T1100,-1.540523712626328,-0.9954356182177095,1.2219039740834293e-50,0.02131790066481448,20231022T1500,-1.3825555805092413,-0.9880909707697592,1.115714483590797e-40,0.031075731269615093,20231122T1300
-1.230798033804481,-0.9381593329243182,9.408778074650261e-24,0.06555735046518968,20230414T1130,-1.5376357960782223,-0.9941585798338503,4.4892621321833756e-48,0.024094408307210168,20231022T1530,-1.3371979570962693,-0.9858034824764821,7.376491795346667e-39,0.03287333633492755,20231122T1330
-1.271807694081893,-0.968478674443122,1.2532544951638206e-30,0.04721482241089906,20230414T1200,-1.5282331835359124,-0.993724729144371,2.4935936954253923e-47,0.024828572170914994,20231022T1600,-1.335096844001533,-0.9889383212414983,1.9156221107926763e-41,0.02890307988671234,20231122T1400
-1.341066815550615,-0.9808485004754064,9.213209441718063e-36,0.03843747826041475,20230414T1230,-1.518630752463092,-0.993531392865759,5.154364986802719e-47,0.025053413392221266,20231022T1630,-1.3039027933072418,-0.9896477422206273,3.9342779558936306e-42,0.0272928943705449,20231122T1430
-1.2559094061271976,-0.9795959757247346,4.155882316866237e-35,0.03719091805255862,20230414T1300,-1.519380843060788,-0.9944744660861197,1.1864045100591137e-48,0.023150147138526193,20231022T1700,-1.2494407748355603,-0.9884470937136123,5.405392157974903e-41,0.027653128560210936,20231122T1500
-1.3844130285038674,-0.982047197310666,1.979317082993112e-36,0.03838272666928965,20230414T1330,-1.4934051959651153,-0.9946591389281866,5.2578625853633994e-49,0.022367773079169737,20231022T1730,-1.316903399331191,-0.9886466327851557,3.5660829909686457e-41,0.028889056652582665,20231122T1530
-1.3244060416568424,-0.9842531624889901,8.722507879869677e-38,0.03433119568644608,20230414T1400,-1.4522533633547292,-0.993616060854008,3.7605679827766426e-47,0.023799525614697878,20231022T1800,-1.3945402479743412,-0.9886051763280338,3.8902884715805995e-41,0.030648952886935876,20231122T1600
-1.3316235293286798,-0.9842767116252876,8.416972624953244e-38,0.03449184609472992,20230414T1430,-0.9924899944530396,-0.983835266996956,1.627898662707999e-37,0.02607475300368644,20231114T1100,-1.3887079905753548,-0.9882387603209766,8.281467632121459e-41,0.031016247271400725,20231122T1630
-1.3599353535934973,-0.9848452437551566,3.499735643055026e-38,0.034567459023451604,20230414T1500,-1.0241379493306455,-0.9865205221356783,2.1433834906765364e-39,0.02451967894317491,20231114T1130,-1.3843665138815253,-0.9879451300414811,1.491825297204638e-40,0.0313098584141315,20231122T1700
-1.300575630638259,-0.9649202201100007,1.5688023345378692e-29,0.05107689367261021,20230414T1530,-1.0158113945255423,-0.9843985786558147,6.99267517660936e-38,0.026207042923969984,20231114T1200,,,,,
-1.2570519938075535,-0.9656399796124521,9.61596329053095e-30,0.04883105182627106,20230414T1600,-1.0241379493306455,-0.9865205221356783,2.1433834906765364e-39,0.02451967894317491,20231114T1230,,,,,
-1.179643560166396,-0.9633250600004051,4.480146835694002e-29,0.04742836301492186,20230414T1630,-1.0306223288712122,-0.9835809298359067,2.3611262403420316e-37,0.02729405550705001,20231114T1300,,,,,
-1.2781884450008902,-0.9754107062128017,3.492293867935333e-33,0.04168583256721677,20230414T1700,-1.197376659086962,-0.9883652643746336,6.39733660167565e-41,0.026596166242494862,20231114T1330,,,,,
-1.3300672795037485,-0.98013986679051,2.18618709149948e-35,0.038842211533348305,20230414T1730,-1.197632796089205,-0.9914980398708181,3.559516853455214e-44,0.02268614351930345,20231114T1400,,,,,
-1.3761618189099563,-0.976557636181086,1.1240870996622153e-33,0.04378309392245129,20230414T1800,-1.272172980526476,-0.9913156912059341,5.911557485239755e-44,0.024358540051256546,20231114T1430,,,,,
-1.1894314130125,-0.9746268320187479,7.351835667696133e-33,0.03942850280675814,20230421T1200,-1.3246637662052154,-0.9909740342921324,1.48682269211918e-43,0.025864399571055643,20231114T1500,,,,,
-1.1515303562808699,-0.9767876562221803,8.894817984530339e-34,0.036449713324544705,20230421T1230,-1.3812249482575636,-0.991855298796198,1.2754305524958e-44,0.025601295858977576,20231114T1530,,,,,
-1.1636548527887702,-0.9810597301947889,7.076748605591354e-36,0.03316270765654806,20230421T1300,-1.3973716047090652,-0.9921521754924308,5.248854654326884e-45,0.02541844055482827,20231114T1600,,,,,
-1.1952884694737338,-0.9645252832239476,2.0433045306166544e-29,0.04722008610419643,20230421T1330,-0.9789357444086642,-0.9650010237543023,1.4856810462031323e-29,0.03839855262836999,20231114T1630,,,,,
-1.2097134352399133,-0.9843909554374856,7.07454068698903e-38,0.031217351197771196,20230421T1400,-0.9565307588310842,-0.9621971104646198,9.152156415071566e-29,0.039079418024927946,20231114T1700,,,,,
-1.2243794854925039,-0.984491614116438,6.063886242741411e-38,0.031491354286040024,20230421T1430,-0.9983270153740122,-0.9666429434860949,4.7764091564527005e-30,0.03818059915883689,20231114T1730,,,,,
-1.258353419438126,-0.9851630342258594,2.111917355584738e-38,0.03164058791028679,20230421T1500,-1.3385083071962924,-0.9911875698404752,8.389488062880462e-44,0.025819542071201844,20231115T1100,,,,,
-1.28352928301348,-0.9859334973231509,5.923532653545094e-39,0.03140602396258907,20230421T1530,-1.4449816166075704,-0.990864183263352,1.9852676333350005e-43,0.028387168736246825,20231115T1130,,,,,
-1.2712530428800597,-0.9842196330611712,9.17591673509633e-38,0.03298927587790369,20230421T1600,-1.4411195586003729,-0.9892487309992192,9.708098105591821e-42,0.030750225208451845,20231115T1200,,,,,
-1.425982373073912,-0.9771458639254305,6.148548368207728e-34,0.044775031502043414,20230421T1630,-1.4422091383406674,-0.9887246210448054,3.024979445042679e-41,0.03152718347149318,20231115T1230,,,,,
-1.4146730896703894,-0.9679374587198939,1.8743421784384726e-30,0.05298986260627099,20230421T1700,-1.4439828120172304,-0.9872072430304942,6.1574159714452405e-40,0.033661752885225084,20231115T1300,,,,,
-1.3755217845513406,-0.9755878382299636,2.9418071541923024e-33,0.0446922035419606,20230421T1730,-0.9911591176125684,-0.983018890580468,5.2628803551378015e-37,0.026705908327232682,20231115T1330,,,,,
-1.4656642249901075,-0.9824743378734366,1.1158159019557412e-36,0.04013596023882487,20230421T1800,-1.4683959031487006,-0.9952047634720232,3.9829193142353576e-50,0.02083093927165439,20231115T1500,,,,,
-1.4658720313683025,-0.9736630470364784,1.7795035914842966e-32,0.04954342438249223,20230421T1830,-1.4729858615676665,-0.9954433197686758,1.1734706355108868e-50,0.020365983969629773,20231115T1530,,,,,
-1.5272903395562418,-0.9837351885091191,1.8857141724856662e-37,0.04025215581933087,20230421T1900,-1.4757770198107083,-0.9959273006339776,7.969087201492728e-52,0.01928350713938137,20231115T1600,,,,,
-1.5401858789117828,-0.9928101661969002,6.463980327517853e-46,0.026802709158955496,20230421T1930,-1.4757312920631087,-0.9961911347972132,1.6017468390050977e-52,0.018644161570794217,20231115T1630,,,,,
-1.456100168223144,-0.9585700369635469,7.920591507754992e-28,0.0624559199473793,20230421T2000,-1.4939666717191693,-0.9876673555759538,2.5693715612959544e-40,0.03418295067400978,20231121T1000,,,,,
-1.6135678644763778,-0.9784147512404906,1.5831920501501294e-34,0.0491904533644574,20230421T2030,-1.5600397123525427,-0.9900961215541212,1.3661876027503082e-42,0.03192841453021098,20231121T1030,,,,,
-0.25525206566393976,-0.8523065635345947,4.121212501372157e-15,0.02260944201312546,20230421T2100,-1.5780106892881631,-0.9904215444625537,6.149533226430949e-43,0.0317533476960125,20231121T1100,,,,,
-0.9048262681019282,-0.9864794530652987,2.3046782230988273e-39,0.021696801024849485,20230614T0900,-1.5745542290907326,-0.9908865347573176,1.8723825425471825e-43,0.030894281734233052,20231121T1130,,,,,
-1.3075781267869035,-0.9476091115986968,1.9571683537506127e-25,0.06362042715859617,20230614T0930,-1.4040278741709007,-0.9848746120955909,3.3416320446759014e-38,0.03565282667780066,20231121T1200,,,,,
-1.5530787598360076,-0.9720750687521353,7.125680859557776e-32,0.054116641275333326,20230614T0945,-1.5408994389021304,-0.9918579425722194,1.2655684960336408e-44,0.028556203249803888,20231121T1230,,,,,
-1.4486073175254612,-0.9872041315401476,6.193245648242179e-40,0.033773744679987124,20230614T1000,-1.4282342416814193,-0.9883901676656102,6.078347625249083e-41,0.03168941217137111,20231121T1300,,,,,
-1.2479341368310863,-0.9948972784222277,1.7641193966899558e-49,0.01826644394345485,20230614T1300,-1.563281776987821,-0.9945491594655521,8.565116994219371e-49,0.023656173831144548,20231121T1400,,,,,
-1.47997098989378,-0.9909819140484911,1.4561083937084353e-43,0.02888402405328564,20230614T1600,-1.4853490428900162,-0.9931701073618352,1.891960352215311e-46,0.02518624266979561,20231121T1430,,,,,
-1.402689980577308,-0.9915762468987136,2.853941508328387e-44,0.02644638067562414,20230614T1630,-1.4640168236587998,-0.9934354452462809,7.3313125678271e-47,0.024332656371732996,20231121T1500,,,,,
-1.0851215442437787,-0.9825993179521351,9.410240896745363e-37,0.029606149039488435,20230614T1700,-1.3912010869687383,-0.9695353391409408,5.594796213219044e-31,0.050732435143319085,20231121T1530,,,,,
-1.3959378562895808,-0.9561180645911211,3.0624870879388768e-27,0.061741099811683776,20230616T0900,-1.4194207588912815,-0.9943176802264658,2.317998852090533e-48,0.02193438068858363,20231121T1600,,,,,
-1.5312936353544118,-0.988613716418659,3.821274650391046e-41,0.03364166178051808,20230616T0930,-1.576726910584644,-0.98720757872601,6.153562231767369e-40,0.036755757231397936,20240109T0800,,,,,
-1.4118335008352034,-0.9752973369643547,3.894988614165966e-33,0.04615448953549306,20230616T1000,-1.5912347910099238,-0.9881326923896182,1.0260637443748364e-40,0.035702379508678224,20240109T0830,,,,,
-1.3918711497331284,-0.9832401922770946,3.850917528001272e-37,0.03725125980780912,20230616T1300,-1.578865263074765,-0.9869941141032491,9.132495089329165e-40,0.037117451391970493,20240109T0900,,,,,
-0.9463514169798622,-0.9785924317477712,1.3008905880192605e-34,0.028727101296959188,20230616T1600,-1.5906065077844072,-0.9876601998611043,2.6051838832414936e-40,0.036404889469352254,20240109T0930,,,,,
-1.269518458053393,-0.9496262068707764,7.803835147752464e-26,0.06047052146729671,20230616T1630,-1.5948668285751766,-0.987317909303166,5.004643767915538e-40,0.03701484134734885,20240109T1000,,,,,
-1.0989859672321074,-0.9887209058291199,3.048865994864872e-41,0.024028233415696962,20230616T1700,-1.6027096258341815,-0.9878517309475406,1.7935461714022033e-40,0.03639080448035368,20240109T1030,,,,,
-1.7401402144449543,-0.9814191325347859,4.486295113293544e-36,0.049105515398440616,20230619T0900,-1.5978852394251324,-0.9881220054171914,1.0483467987780466e-40,0.03586802573827829,20240109T1100,,,,,
-1.4094781295948255,-0.9714691005459399,1.184794302638961e-31,0.049666259134272236,20230619T0930,-1.6173118210848931,-0.9890953764607845,1.3615009484029582e-41,0.03475906717893033,20240109T1130,,,,,
-1.5032300593518797,-0.9895490105904627,4.935433302712906e-42,0.031617210363899535,20230619T1000,-1.6058613558189294,-0.9881496396662437,9.916549836269808e-41,0.03600435410317839,20240109T1200,,,,,
-1.2675970135195156,-0.9705426282799304,2.524789936529328e-31,0.04541882430615771,20230619T1300,-1.5835600148332698,-0.9874459273613816,3.928632009935962e-40,0.03656289413279615,20240109T1230,,,,,
-1.1654668631687812,-0.9867008281491557,1.5545562612719108e-39,0.027712286104630838,20230619T1600,-1.5849790979387444,-0.9874955845110162,3.5741356515017897e-40,0.03652183098390812,20240109T1300,,,,,
-1.0502183988239295,-0.9784768304198872,1.4784761090675974e-34,0.03196885306216912,20230622T1200,-1.5878165373701751,-0.9872377307820577,5.816685673459739e-40,0.0369697760797613,20240109T1330,,,,,
-1.0605839449935752,-0.9756263435093684,2.833659423976252e-33,0.03443131889387948,20230622T1230,-1.5806247243402447,-0.9868379946029282,1.213968322431405e-39,0.03738561684599806,20240109T1400,,,,,
-1.0597270323600374,-0.976166683911461,1.6645562492058505e-33,0.03400583442178282,20230622T1300,-1.5822433220812717,-0.986601241215357,1.8573138258423817e-39,0.0377657949483627,20240109T1430,,,,,
-1.0702032372250083,-0.9763397413981422,1.400160362828351e-33,0.03421253223898018,20230622T1330,-1.5969797226129634,-0.9872521879391276,5.661497662942541e-40,0.03716165064024634,20240109T1500,,,,,
-1.0718214959728205,-0.9754920927590547,3.228119562282723e-33,0.03489545396229228,20230622T1400,-1.3689130924383428,-0.990193150075621,1.0798393624079585e-42,0.027877108090519447,20240110T0830,,,,,
-1.0894511996154268,-0.9793914527086438,5.267813378825075e-35,0.03242801670572611,20230622T1430,-1.3756829440632394,-0.9910937079858593,1.0807205028744117e-43,0.02667947813887518,20240110T0900,,,,,
-1.0873433879426249,-0.9814590261582269,4.262634591765941e-36,0.0306501598929478,20230622T1500,-1.373739628481169,-0.9914611769512822,3.947375160216459e-44,0.02607912547652631,20240110T0930,,,,,
-1.0854489036164008,-0.9841705977080918,9.879857479571404e-38,0.028212407131806536,20230622T1530,-1.3686560983206395,-0.9914817228785806,3.7264674116720973e-44,0.025950937408869515,20240110T1000,,,,,
-1.0947544468525965,-0.9877160885323677,2.33772344126842e-40,0.024998243076243612,20230622T1600,-1.3614601348341482,-0.9910663729724167,1.1628483084565289e-43,0.026444681890089913,20240110T1030,,,,,
-1.0800752929592594,-0.9876655457527125,2.5783844011367066e-40,0.024714688044930207,20230622T1630,-1.3533162183044678,-0.9894937248836279,5.598241049277621e-42,0.02854048143728132,20240110T1100,,,,,
-1.0594325704838101,-0.9868725211112424,1.1402399280510072e-39,0.025024609620614396,20230622T1700,-1.3434264193021355,-0.9908765943587281,1.921805164643972e-43,0.026373900221611755,20240110T1130,,,,,
-1.035493474162238,-0.9886680684758802,3.4087639002385996e-41,0.022693911703503475,20230622T1730,-1.361226292280311,-0.9926770775833343,1.0023830669521977e-45,0.02390905415935408,20240110T1200,,,,,
-1.017517830440311,-0.9888191070784826,2.4743777900549896e-41,0.022148302470142683,20230622T1800,-1.3581699208421367,-0.9920024249742937,8.248232047708597e-45,0.024942779550741083,20240110T1230,,,,,
-1.0012064454140353,-0.9887644909314394,2.779669561677109e-41,0.02184732214654523,20230622T1830,-1.363434278929837,-0.9914821226643831,3.7222887333330734e-44,0.02585131258046281,20240110T1300,,,,,
-0.9907054928769298,-0.9876138793609586,2.8488352490281177e-40,0.022718017554020864,20230622T1900,-1.4194698017112375,-0.991186505457595,8.413741776459765e-44,0.02738294779092419,20240110T1330,,,,,
-0.9943310185226171,-0.9878715413562213,1.7250318452627065e-40,0.022558325477226113,20230622T1930,-1.3412893211009336,-0.9880156332369174,1.2969384746068884e-40,0.03024513136543799,20240110T1400,,,,,
-1.0013073233630039,-0.9880591446656046,1.189097440936661e-40,0.02253700497170847,20230622T2000,-1.354298066543548,-0.9921883868294198,4.699303620810135e-45,0.02457735071390971,20240110T1430,,,,,
-1.0186478456109003,-0.9880977643640904,1.1006220543839514e-40,0.022889519506597213,20230622T2030,-1.3874167299630586,-0.991878930126898,1.189829478827235e-44,0.02567826851417786,20240110T1500,,,,,
-1.0666945658320681,-0.9869668666888549,9.600007363137049e-40,0.025103635591726292,20230622T2100,-1.341539611973255,-0.9909878160578801,1.4335022199107332e-43,0.026173625967061496,20240110T1530,,,,,
-0.20099651727459292,-0.8280337945826779,1.1895062604104534e-13,0.019644162402040356,20230622T2130,-1.3520026603473014,-0.9907175051647287,2.904884562326151e-43,0.026775911666674455,20240110T1600,,,,,
-1.3692967391771305,-0.9933405058472811,1.0336853132960098e-46,0.022923988238327926,20230623T1200,-1.3379261868461627,-0.9898741145932816,2.3200957465051746e-42,0.027692417675517958,20240110T1630,,,,,
-1.3409754605420547,-0.9944332979168548,1.4171128370860934e-48,0.020508471887778407,20230623T1230,-1.1887220389614948,-0.981143639460608,6.367379315734673e-36,0.033799791566984844,20240110T1700,,,,,
-1.3397087327022184,-0.9928030209004678,6.619405871392719e-46,0.023325662461395277,20230623T1300,-0.9982796007387016,-0.9420233893780537,2.0896579659754268e-24,0.051324358668752616,20240111T1000,,,,,
-1.4048098464334016,-0.9929181993259808,4.500036691705029e-46,0.02426051628991473,20230623T1330,-0.9995233322690297,-0.9408844930095047,3.2902513878846298e-24,0.05193816016541043,20240111T1030,,,,,
-1.3850274368949762,-0.9926990497123105,9.328642015091555e-46,0.024290178393367143,20230623T1400,-0.9989779385801206,-0.9417693680316844,2.3141526760206623e-24,0.05148317150370268,20240111T1100,,,,,
-1.3578937171030858,-0.9921476290762571,5.322053444452443e-45,0.024707569397101132,20230623T1430,-1.00848964151645,-0.9440160434069225,9.233067748074125e-25,0.050868995824035236,20240111T1130,,,,,
-1.4283885847984095,-0.9935202438060279,5.371194934121258e-47,0.023585152532588537,20230623T1500,-1.0046563314107126,-0.9437505437828317,1.0312237688600805e-24,0.05080648153631692,20240111T1200,,,,,
-1.4027670246285073,-0.9934274924205632,7.546805935495096e-47,0.02332891412590559,20230623T1530,-1.3699248021726143,-0.981036335008026,7.287646929468642e-36,0.039065948654664055,20240111T1300,,,,,
-1.3846689458330852,-0.9925656436259127,1.4385078340927287e-45,0.024507222954553213,20230623T1600,-1.2959933945020452,-0.9898802015494005,2.2870083233261275e-42,0.026816304490339598,20240111T1330,,,,,
-1.3692300449593844,-0.9917534414802578,1.7167565785252997e-44,0.02553913866425576,20230623T1630,-1.325058137977497,-0.9907611021299655,2.5957903281054943e-43,0.026179721593986398,20240111T1400,,,,,
-1.403323717268737,-0.993092788222248,2.4767011871674343e-46,0.02393109458046331,20230623T1700,-1.2962618646689306,-0.9896413853473912,3.992388575050633e-42,0.027141417079783604,20240111T1430,,,,,
-1.4087383072709898,-0.9937539731536221,2.229868292795846e-47,0.0228332921709978,20230623T1730,-1.2750548666267074,-0.987615503494107,2.83993466805719e-40,0.029236522917831225,20240111T1500,,,,,
-1.4155466886753463,-0.9937414095502966,2.3397167061514247e-47,0.022966926111792026,20230623T1800,-1.296244044161476,-0.9894979733934927,5.544422903991644e-42,0.027331253723946812,20240111T1530,,,,,
-1.432357010249579,-0.9946567473972086,5.314518628316825e-49,0.021458253143623707,20230623T1830,-1.2825683307152382,-0.988409890913174,5.83657980298675e-41,0.028432793434397075,20240111T1600,,,,,
-1.3910213962505171,-0.9940708610476532,6.413714505944319e-48,0.02196149777791775,20230623T1900,,,,,,,,,,
-1.4000187036231193,-0.9915203521612855,3.3427855070335214e-44,0.026484566488940008,20230623T1930,,,,,,,,,,
-1.4034990298322847,-0.9934034653176167,8.23534388107016e-47,0.02338413755110557,20230623T2000,,,,,,,,,,
-1.384243697894911,-0.9928473193786238,5.710555045837739e-46,0.024025968251957394,20230623T2030,,,,,,,,,,
-1.1066558924519903,-0.9729330804002093,3.401844807295474e-32,0.037938888744629196,20230623T2100,,,,,,,,,,
-1.3602752353266523,-0.9699187627889145,4.146036009142465e-31,0.049276836351412646,20230802T1500,,,,,,,,,,
-1.336195918479551,-0.9788277150258099,1.0004365112740566e-34,0.04033026931023851,20230802T1530,,,,,,,,,,
-1.2972683402630456,-0.9749758464677346,5.2932420095415266e-33,0.04269489364615418,20230802T1600,,,,,,,,,,
-1.3109914930028894,-0.9701885362359068,3.3500188612296862e-31,0.04726815602846947,20230802T1630,,,,,,,,,,
-1.3689805147404062,-0.9813179700733267,5.1049612976803455e-36,0.038739678943937476,20230802T1700,,,,,,,,,,
-1.1643619723685381,-0.9848252923282783,3.611203641510436e-38,0.029616212003151572,20231023T1030,,,,,,,,,,
-1.168164906305272,-0.986154599986576,4.059875987397041e-39,0.028352921185573973,20231023T1100,,,,,,,,,,
-1.1768723042858373,-0.9869643377292681,9.644543390534161e-40,0.027699303555953018,20231023T1130,,,,,,,,,,
-1.1746018779254077,-0.9871227058790296,7.205131755468663e-40,0.027474106726963286,20231023T1200,,,,,,,,,,
-1.182267399880993,-0.9863449996990914,2.9181019535162037e-39,0.028493083199168216,20231023T1230,,,,,,,,,,
-1.214325642615563,-0.9888425646745249,2.353360279863708e-41,0.026404003829575896,20231023T1300,,,,,,,,,,
-1.2237684421445945,-0.9887066967837842,3.141899130998743e-41,0.026773615226063235,20231023T1330,,,,,,,,,,
-1.224900198844253,-0.9887497372560051,2.8681371812215653e-41,0.02674638585512891,20231023T1400,,,,,,,,,,
-1.2430124055747611,-0.9893269137083531,8.15526166563743e-42,0.02642488524718571,20231023T1430,,,,,,,,,,
-1.2494675029997726,-0.9881799652285006,9.328236557250309e-41,0.027977282332387058,20231023T1500,,,,,,,,,,
-1.2669204701450285,-0.9897191876609063,3.33446170853867e-42,0.02642569112826803,20231023T1530,,,,,,,,,,
-1.2557673955031452,-0.9881364693789257,1.0182975294971236e-40,0.02817096537018936,20231023T1600,,,,,,,,,,
-1.2720669438678684,-0.9900511925540129,1.5221985486145082e-42,0.026094521295569745,20231023T1630,,,,,,,,,,
-1.280677203887919,-0.9910409755201578,1.2444874968902676e-43,0.024911387072904842,20231023T1700,,,,,,,,,,
-1.253087870122946,-0.9891594101101365,1.1828787455012164e-41,0.026850716072703756,20231023T1730,,,,,,,,,,
-1.2664857425409213,-0.9897578650503411,3.0473725374188984e-42,0.026366111647631134,20231023T1800,,,,,,,,,,
-1.3299240189038055,-0.9918084001974086,1.4631093731510277e-44,0.02472216905536823,20231115T1015,,,,,,,,,,
-1.0310369008543818,-0.992385962117159,2.5466396699028874e-45,0.01847001427949528,20231115T1030,,,,,,,,,,
-1.1917275014360809,-0.9870624031411421,8.054656733847814e-40,0.027941151046877062,20231115T1400,,,,,,,,,,
-1.0998579190648732,-0.9685884946626312,1.1539745919727492e-30,0.04075665259418151,20231115T1430,,,,,,,,,,
-1.3224845624097623,-0.9894558449635006,6.100724602099806e-42,0.027941300620035147,20231115T1700,,,,,,,,,,
-0.9803825219208019,-0.9869641343301327,9.6481339190893e-40,0.023074830670383528,20231115T1730,,,,,,,,,,
-1.2382641789646132,-0.9865481647754994,2.0409694514712544e-39,0.02961520320976147,20231117T1000,,,,,,,,,,
-1.2170521384803674,-0.987896386381388,1.6426440430515609e-40,0.027582369117603568,20231117T1030,,,,,,,,,,
-1.2385565210518261,-0.9834839266562029,2.7167420222575904e-37,0.03289998418368008,20231117T1100,,,,,,,,,,
-1.1996179483858114,-0.9837973109181131,1.7214305705788352e-37,0.03155432562114158,20231117T1130,,,,,,,,,,
-1.2226089270548526,-0.9931781031123574,1.839674815683287e-46,0.02071884001727912,20231117T1200,,,,,,,,,,
-1.2109740344872524,-0.9898495856777901,2.4581366575661007e-42,0.025095567219420346,20231117T1230,,,,,,,,,,
-1.1404389632271885,-0.9790969904642732,7.38039157561843e-35,0.03419508289006318,20231117T1300,,,,,,,,,,
-1.1900130141437877,-0.9847395897585668,4.1298964390486466e-38,0.030356001432100516,20231117T1330,,,,,,,,,,
-1.0438682695894845,-0.9810977637771962,6.746310652440723e-36,0.0297181889102398,20231117T1400,,,,,,,,,,
-1.1609613794450853,-0.9886032543427842,3.9059841021410684e-41,0.02551758788918529,20231117T1430,,,,,,,,,,
-1.1834570292662328,-0.9877053136628318,2.3871504551960184e-40,0.027035799109291922,20231117T1500,,,,,,,,,,
-1.1477247391397136,-0.9872620912423671,5.557489545790559e-40,0.026696928832732694,20231117T1530,,,,,,,,,,
-1.2020448112437687,-0.9934349521555697,7.34450032830481e-47,0.01997931461371256,20231117T1600,,,,,,,,,,
-1.340060379059231,-0.9925764889812323,1.389146261551802e-45,0.02370019633490981,20231117T1630,,,,,,,,,,
-1.3036105224784378,-0.9886139808699793,3.8191564106314605e-41,0.02863925322831124,20231117T1700,,,,,,,,,,
-1.138938106219097,-0.9868876584743745,1.109285761444523e-39,0.026886766115917348,20231121T0900,,,,,,,,,,
-1.3416440022305927,-0.9739205963790016,1.4096780591350124e-32,0.045113528024325035,20231121T0930,,,,,,,,,,
-1.5259107455357386,-0.9934587840658062,6.73241749593342e-47,0.02531579276935871,20231121T1330,,,,,,,,,,
-1.5615461849339012,-0.9934224150356467,7.687544979285057e-47,0.025979641989853457,20231121T1630,,,,,,,,,,
-1.4667357708400233,-0.9910903833577953,1.0904041189382779e-43,0.02845070281500096,20231121T1700,,,,,,,,,,
-1.1485777727022646,-0.9701128238873364,3.5572724199023063e-31,0.04146727851022742,20231202T1000,,,,,,,,,,
-1.1153205361453324,-0.9624212051667658,7.955094843410056e-29,0.0454235878731839,20231202T1030,,,,,,,,,,
-1.083923936139198,-0.9503719458161051,5.501871796235657e-26,0.05121614954880254,20231202T1100,,,,,,,,,,
-1.1353918764720752,-0.9648990094208357,1.5913480131963565e-29,0.044603928052184674,20231202T1130,,,,,,,,,,
-1.1179808216842666,-0.9617472625967258,1.2095630180310203e-28,0.045962703233626556,20231202T1200,,,,,,,,,,
-1.1151694732674435,-0.9615917061991175,1.330972582049724e-28,0.045945857448220044,20231202T1230,,,,,,,,,,
-1.1001066929143573,-0.9580244081334639,1.0776181010753504e-27,0.04751656952948751,20231202T1300,,,,,,,,,,
-1.0822580217817943,-0.9509213331510192,4.238169294933793e-26,0.05083137548416188,20231202T1330,,,,,,,,,,
-1.126318399305228,-0.9655338089173834,1.0342668414602479e-29,0.0438237946044254,20231202T1400,,,,,,,,,,
-1.1736045213043445,-0.9698560336009818,4.355529119666249e-31,0.042560951184911974,20231202T1430,,,,,,,,,,
-1.171905870381657,-0.9735584105805594,1.954878078812547e-32,0.03968979620939516,20231202T1500,,,,,,,,,,
-1.1418902238159363,-0.9692803051637544,6.814548933846478e-31,0.04182313320050272,20231202T1530,,,,,,,,,,
-1.1051120894597548,-0.9579419415442019,1.1285454395550539e-27,0.04778273867921756,20231202T1600,,,,,,,,,,
-1.1607819443816565,-0.9686181309274351,1.1285005934375714e-30,0.04299298258548789,20231202T1630,,,,,,,,,,
-1.0596349331448487,-0.9617784159009938,1.1865566494163338e-28,0.0435451648881082,20231202T1700,,,,,,,,,,
-0.4808540776832482,-0.8882721468239343,7.75609391202518e-18,0.03588885978957723,20231202T1730,,,,,,,,,,
-0.49831935310635717,-0.8654592552171585,5.132110726446099e-16,0.04163516656163454,20231202T1800,,,,,,,,,,
-1.4014367929293563,-0.9880673039909542,1.1698552943362316e-40,0.03153197677615351,20240111T0900,,,,,,,,,,
-1.275673402909725,-0.9857020708124155,8.740817689924953e-39,0.031475078973742,20240111T0930,,,,,,,,,,
-1.0546147852468306,-0.943072295474431,1.3644005606114436e-24,0.05368272661357722,20240111T1230,,,,,,,,,,
-1.4523817834785209,-0.990978060101833,1.4710538610843527e-43,0.028351715153384194,20240111T1630,,,,,,,,,,
-1.1762230904005782,-0.9886662516792372,3.421835391656633e-41,0.025780248925449386,20240111T1700,,,,,,,,,,
-0.9964886620017981,-0.9734340993446124,2.1847610254990444e-32,0.033831306811319066,20240311T0930,,,,,,,,,,
-0.9925561652940447,-0.9708846832901781,1.9149099763422058e-31,0.03534745819111679,20240311T1000,,,,,,,,,,
-0.9791299323495689,-0.9693538243574522,6.439023728353636e-31,0.035816850907393206,20240311T1030,,,,,,,,,,
-0.9910978844912621,-0.9739679780916933,1.3501927639337428e-32,0.033294711351389256,20240311T1100,,,,,,,,,,
-1.0142655675421868,-0.9769536690886801,7.501166966756673e-34,0.03198572784945204,20240311T1130,,,,,,,,,,
-0.9759377391005288,-0.9739576483894592,1.3629526758065606e-32,0.032792191054399636,20240311T1200,,,,,,,,,,
-1.0013446837849072,-0.9792004666403586,6.559261070138446e-35,0.029947671052171086,20240311T1230,,,,,,,,,,
-1.013050151573908,-0.9778357991877406,2.968997297166082e-34,0.0313087370417845,20240311T1300,,,,,,,,,,
-0.9797232632002011,-0.9641670683192152,2.590052164965486e-29,0.03890996957812379,20240311T1330,,,,,,,,,,
-1.0522659865741861,-0.982365396434715,1.2931720765275424e-36,0.02890723561107059,20240311T1400,,,,,,,,,,
-1.0856916528698326,-0.9764901308419681,1.203494735695e-33,0.03459317731610649,20240311T1430,,,,,,,,,,
-1.0758610981674095,-0.975775240864441,2.4501937622375162e-33,0.034816434576544306,20240311T1500,,,,,,,,,,
-0.9925724143007886,-0.980151347912378,2.1563317474974464e-35,0.028977648721772928,20240311T1530,,,,,,,,,,
-1.0170816812644032,-0.9720874126807011,7.051441348705235e-32,0.035431784176371973,20240311T1600,,,,,,,,,,
-1.0451257121063635,-0.9813428974528244,4.945341152340947e-36,0.029554869808918468,20240311T1630,,,,,,,,,,
-0.9913990592633496,-0.9797162948787179,3.61077617894628e-35,0.029268648926975966,20240311T1700,,,,,,,,,,
-1.0229675250185593,-0.9802754050497637,1.857657570090163e-35,0.029768706579592026,20240311T1730,,,,,,,,,,
-1.4518610708988635,-0.981263620316256,5.4702648714993715e-36,0.041146482621534475,20240315T0930,,,,,,,,,,
-1.416044092233233,-0.972281243131659,5.978428807514693e-32,0.0491513608922061,20240315T1000,,,,,,,,,,
-1.4040249005421808,-0.9704699637121011,2.6764040935761685e-31,0.050371976601912706,20240315T1030,,,,,,,,,,
-1.2015694640064272,-0.9572491350309696,1.6573999902345872e-27,0.052408145190335466,20240315T1100,,,,,,,,,,
-1.3496448671797532,-0.9862304843934965,3.561186050048181e-39,0.03266589931296087,20240315T1130,,,,,,,,,,
-1.4825463084400718,-0.9901500687099256,1.1990568469985702e-42,0.03025841260219866,20240315T1200,,,,,,,,,,
-1.4398589588019421,-0.9930412663322582,2.9585875518364958e-46,0.0246465020609076,20240315T1230,,,,,,,,,,
-1.4701916076194996,-0.9851909139863876,2.0193303500922903e-38,0.036931605681673696,20240315T1300,,,,,,,,,,
-1.3922944456208408,-0.9794907946763722,4.696195334068326e-35,0.041339124318802066,20240315T1330,,,,,,,,,,
-1.4244578811957023,-0.9858142884153088,7.2437805874451e-39,0.03500489374309588,20240315T1400,,,,,,,,,,
-1.5252777240085398,-0.9954240591273464,1.2982075141259263e-50,0.02113381881696507,20240315T1430,,,,,,,,,,
-1.4390211964103476,-0.9887140511180253,3.0934125784935696e-41,0.03147248800584892,20240315T1500,,,,,,,,,,
-1.4674446618697472,-0.983965556371554,1.3424724159237782e-37,0.03839328117083677,20240315T1530,,,,,,,,,,
-1.4256452198935268,-0.9886638594505022,3.439120251910711e-41,0.03125039321058912,20240315T1600,,,,,,,,,,
-1.4322624394454433,-0.9861016935445718,4.4464200200020344e-39,0.03483068071204496,20240315T1630,,,,,,,,,,
-1.509655023259836,-0.9854826274419544,1.2567531498430435e-38,0.037539214584188074,20240315T1700,,,,,,,,,,
-1.416807437228593,-0.9725503395451125,4.744729036601484e-32,0.048928359576734554,20240315T1730,,,,,,,,,,
-1.6312098031843685,-0.9927981117635275,6.728258328348999e-46,0.028410776379898833,20240315T1800,,,,,,,,,,
-1.548923426540809,-0.9850338808568708,2.5965211220154685e-38,0.03911980866619425,20240315T1830,,,,,,,,,,
-1.5002193190652873,-0.976916754724524,7.791690289471896e-34,0.04734991472833111,20240315T1900,,,,,,,,,,
-1.1377666839645717,-0.9560663440973505,3.1484647582510906e-27,0.050354121813603304,20240319T1000,,,,,,,,,,
-1.1898438027908105,-0.9662720791669188,6.2021137218895874e-30,0.04577058831974461,20240319T1030,,,,,,,,,,
-1.2184518571798968,-0.9639040443282504,3.0779031787773285e-29,0.04857841689615033,20240319T1100,,,,,,,,,,
-1.1932929003591044,-0.9702209245162698,3.26493506867685e-31,0.04300004105264468,20240319T1130,,,,,,,,,,
-1.1186273998171241,-0.9622857111235267,8.659603656969901e-29,0.04564517530910352,20240319T1200,,,,,,,,,,
-1.1276737438979623,-0.9532367402179555,1.3640170722466193e-26,0.05160501495535095,20240319T1230,,,,,,,,,,
-1.1774467979146086,-0.9527392341916631,1.7485775912928258e-26,0.05418999708360606,20240319T1300,,,,,,,,,,
-1.1686096477664687,-0.9544727614436609,7.272303757340879e-27,0.05271518989474682,20240319T1330,,,,,,,,,,
-1.1502826735046239,-0.9500786679749894,6.316626592079593e-26,0.054524732129941786,20240319T1400,,,,,,,,,,
-1.1647665079548095,-0.9601419848865597,3.186146909039327e-28,0.048942302173144825,20240319T1430,,,,,,,,,,
-1.185894250016918,-0.96656497894618,5.0472518247978934e-30,0.04540976350196615,20240319T1500,,,,,,,,,,
-1.174700214933046,-0.9665656095333711,5.045003395730763e-30,0.044980679912271004,20240319T1530,,,,,,,,,,
-1.1730138892898423,-0.9679112423540683,1.9109105845826712e-30,0.04395681394126834,20240319T1600,,,,,,,,,,
-1.1875260043514066,-0.9684603080463586,1.270636432799992e-30,0.0440994058758197,20240319T1630,,,,,,,,,,
-1.1876237326997674,-0.9693401415450077,6.507378968762003e-31,0.04345377293477653,20240319T1700,,,,,,,,,,
-1.192834600563682,-0.9671527021175117,3.319478821173285e-30,0.04525154600955307,20240319T1730,,,,,,,,,,
-1.1993443698747472,-0.9667347363854437,4.475344683582182e-30,0.04580198889787022,20240319T1800,,,,,,,,,,
-1.2091210004731803,-0.9602564657138167,2.977450869256134e-28,0.050728450327222674,20240319T1830,,,,,,,,,,
-1.2044734742261802,-0.9555290277531592,4.1895905349548986e-27,0.05365413308386912,20240319T1900,,,,,,,,,,
-0.9594053091828102,-0.9783540758289818,1.6923786499630344e-34,0.029290414495033387,20240320T1000,,,,,,,,,,
-0.9896236901841676,-0.9866947462152075,1.5716023040531104e-39,0.023536604067415565,20240320T1030,,,,,,,,,,
-0.9488818161673512,-0.9889128442816981,2.023790647649482e-41,0.020566076058320892,20240320T1100,,,,,,,,,,
-0.9379114047867357,-0.9820869203850932,1.877670503108961e-36,0.02597393485557666,20240320T1130,,,,,,,,,,
-0.9357374934012318,-0.9923746494416815,2.6386865908683865e-45,0.016775410710090876,20240320T1230,,,,,,,,,,
-0.9619395834519334,-0.9856681844111416,9.248305656052716e-39,0.023762951590453787,20240320T1300,,,,,,,,,,
-0.9758050639893587,-0.990038902922091,1.5677602181439676e-42,0.02002970523870687,20240320T1330,,,,,,,,,,
-0.9764848414685995,-0.990182669345012,1.1077506607385759e-42,0.019896319470589542,20240320T1400,,,,,,,,,,
-0.9724404548455864,-0.9930565436987532,2.8070471611094307e-46,0.01662708377113362,20240320T1430,,,,,,,,,,
-0.9740457220684796,-0.9897629369725949,3.011529933994886e-42,0.02027290077269086,20240320T1500,,,,,,,,,,
-0.9581907339973693,-0.9903621926001409,7.127585666062888e-43,0.01934160339925916,20240320T1530,,,,,,,,,,
-0.9780985802691802,-0.9886294996635424,3.6968023797489987e-41,0.021473120987033596,20240320T1600,,,,,,,,,,
-0.9870451037390489,-0.9909557221588681,1.5606165305241338e-43,0.01929211662190382,20240320T1630,,,,,,,,,,
-0.9894629586899939,-0.9891612169181417,1.178179795570461e-41,0.02120006027868716,20240320T1700,,,,,,,,,,
-0.9909584032321859,-0.9885799099445373,4.1015318565933653e-41,0.021803655613649064,20240320T1730,,,,,,,,,,
-0.9849908460652517,-0.9883167607848531,7.065247444377172e-41,0.021925011830973586,20240320T1800,,,,,,,,,,
-0.996355713074998,-0.9886930408576713,3.233869104037558e-41,0.021811679513490573,20240320T1830,,,,,,,,,,
-0.9875960901520688,-0.9891081959834133,1.3237900513353e-41,0.021212607450638098,20240320T1900,,,,,,,,,,
-1.559426463218417,-0.9849417940096823,3.0052742028201986e-38,0.0395088346453726,20240322T0930,,,,,,,,,,
-1.584147517830303,-0.9881542842727454,9.82419544112111e-41,0.03551043066583137,20240322T1000,,,,,,,,,,
-1.5401763242362057,-0.984414442863438,6.82520888276232e-38,0.03971450948857625,20240322T1100,,,,,,,,,,
-1.554488256086973,-0.9832496654563784,3.799416253174165e-37,0.04159139210584626,20240322T1130,,,,,,,,,,
-1.483375660027375,-0.9807007836261455,1.1060677517108394e-35,0.04268480305262662,20240322T1200,,,,,,,,,,
-1.5149985667642034,-0.9794801606083481,4.754421275042586e-35,0.0449944051752953,20240322T1230,,,,,,,,,,
-1.5239474529298531,-0.9795105123915948,4.590034561600405e-35,0.04522564064261595,20240322T1300,,,,,,,,,,
-1.532132521122862,-0.9825171007477342,1.0527754169945155e-36,0.041903547644576565,20240322T1330,,,,,,,,,,
-1.4600977941879116,-0.9882066691669391,8.83799503331061e-41,0.032655967088254655,20240322T1400,,,,,,,,,,
-1.4429552926561873,-0.9866434798948258,1.7225790325594745e-39,0.034385760644173056,20240322T1430,,,,,,,,,,
-1.3061681373830365,-0.9711337641956124,1.562449956292769e-31,0.04630762832955262,20240322T1500,,,,,,,,,,
-1.2695554892337242,-0.9706156464166278,2.380738431090889e-31,0.045430008177264225,20240322T1530,,,,,,,,,,
-1.3523430297924468,-0.9794239677440976,5.073759143065113e-35,0.040220341062648116,20240322T1600,,,,,,,,,,
-1.2883891184963083,-0.9740076877349063,1.3021974561485603e-32,0.0432474915559398,20240322T1630,,,,,,,,,,
-1.2941724176956524,-0.9835472100657037,2.479363203923047e-37,0.03430973449084288,20240322T1700,,,,,,,,,,
-1.2337527588566073,-0.9893385847271251,7.944933680500036e-42,0.026213460324647102,20240322T1730,,,,,,,,,,
-1.074689277212601,-0.9610982006893269,1.7981753730866333e-28,0.04457886921060283,20240322T1800,,,,,,,,,,
-1.4593708785047248,-0.9887601688776453,2.805311518311137e-41,0.03185115559844015,20240322T1830,,,,,,,,,,
-1.5138327858768097,-0.9835002078369892,2.653671532920299e-37,0.04019186824590623,20240322T1900,,,,,,,,,,
-1.4709674449045878,-0.982255366964733,1.499533354664158e-36,0.04053884252096718,20240322T1930,,,,,,,,,,
